/search	404	250
/static/app.js	404	141
/blog/post-1	404	141
/api/v1/products	404	140
/dashboard	404	138
/about	404	138
/admin	404	137
/sitemap.xml	404	136
/login	404	136
/api/v1/orders	404	134
/blog	404	133
/products	404	131
/index.html	404	131
/checkout	404	131
/blog/post-2	404	131
/static/main.css	404	128
/api/v1/users	404	128
/products/hats	404	127
/products/shoes	404	126
/cart	404	126
/wp-login.php	404	125
/favicon.ico	404	125
/contact	404	122
/404	404	122
/register	404	121
/products/bags	404	121
/	404	119
/xmlrpc.php	404	118
/robots.txt	404	114
/blog/post-3	404	111
/search	403	100
/search	500	91
/blog/post-1	403	67
/xmlrpc.php	403	66
/search	400	65
/register	500	64
/favicon.ico	500	63
/	403	62
/products/bags	403	61
/static/app.js	500	59
/register	403	57
/products/shoes	500	56
/api/v1/products	403	56
/admin	500	56
/sitemap.xml	500	55
/products/hats	500	55
/login	403	55
/blog/post-1	500	55
/index.html	403	54
/cart	500	53
/blog	403	53
/products/hats	403	52
/contact	403	52
/api/v1/users	500	52
/blog	500	51
/xmlrpc.php	500	49
/robots.txt	500	49
/robots.txt	403	48
/wp-login.php	500	47
/products/bags	500	47
/products	403	47
/contact	500	47
/cart	403	47
/about	500	47
/	500	47
/about	403	46
/404	500	46
/static/main.css	400	45
/login	500	45
/dashboard	403	45
/blog/post-3	500	45
/api/v1/products	400	45
/admin	403	45
/wp-login.php	403	44
/products/shoes	403	44
/favicon.ico	403	44
/dashboard	500	44
/checkout	403	44
/blog/post-2	403	44
/api/v1/users	403	44
/static/main.css	403	43
/api/v1/orders	500	43
/static/main.css	500	42
/index.html	500	42
/checkout	500	42
/sitemap.xml	403	41
/api/v1/orders	403	41
/404	403	40
/products/shoes	400	39
/contact	400	39
/blog/post-2	500	39
/register	400	38
/products	500	38
/api/v1/products	500	38
/dashboard	400	36
/xmlrpc.php	400	35
/products/bags	400	35
/products	400	35
/	400	35
/cart	400	34
/blog	400	34
/static/app.js	400	33
/blog/post-3	403	33
/api/v1/orders	400	33
/about	400	33
/static/app.js	403	32
/sitemap.xml	400	32
/products/hats	400	32
/blog/post-2	400	32
/blog/post-1	400	32
/admin	400	32
/login	400	31
/checkout	400	30
/wp-login.php	400	29
/index.html	400	29
/404	400	29
/search	503	28
/blog/post-3	400	26
/robots.txt	400	25
/favicon.ico	400	25
/api/v1/users	400	24
/products/bags	503	20
/contact	503	19
/api/v1/products	503	19
/blog/post-2	503	18
/blog/post-1	503	18
/register	503	17
/login	503	17
/favicon.ico	503	17
/dashboard	503	17
/static/app.js	503	16
/sitemap.xml	503	16
/robots.txt	503	16
/products	503	16
/static/main.css	503	15
/checkout	503	15
/api/v1/orders	503	15
/admin	503	15
/404	503	15
/products/shoes	503	14
/api/v1/users	503	14
/blog/post-3	503	13
/about	503	13
/	503	13
/index.html	503	12
/blog	503	12
/xmlrpc.php	503	11
/wp-login.php	503	11
/products/hats	503	11
/cart	503	9
